Afghanistan	A F G A N I S T AN
Afganistan
Afrika
Alamagn
Albania
Aljeri
Aljeria
Amerik
Amerika
Andorra
Angola
Antigua-ha-Barbuda
Aod an Olifant
Aostralia
Angola	AN G O L A
Aostria
Arabi
Arabia
Arabia Saoudat
Artika
Arc'hantina
Armenia
Azerbaidjan
Bahamas
Bahrein
Bangladesh
Barbados
Belarus
Belgia	^v
Belgia	B^v EH L J I A
Beljik	^v
Belize
Benin
Bhoutan	^v
Birmania	^v
Bolivia
Bosnia-ha-Herzegovina
Botswana	^v
Bouryatia
Brazil	^v
Breizh-Veur	^v
Luksembourg
Bro-Saoz
Bro-Skos
Brunei	^v
Bulgaria	^v
Burkina Faso
Burundi	^v
Chile
Costa Rica
Danmark
Djibouti
Dominika
Ecuador
Egipt
Emirelezhioù Arab Unanet
Eritrea
Estonia
Eswatini
Etiopia
Fidji
Filipinez
Finland
Frañs
Gabon
Gambia
Ghana
Ginea
Ginea ar C'heheder
Ginea-Bissau
Grenada
Gres
Greunland
Guatemala
Guyana
Haiti
Honduras
Hungaria
India
Indez
Indonezia
Inizi Faero
Inizi Marshall
Inizi Salomon
Irak
Iraq	=Irak
Iran
Island
Israel
Italia
Iwerzhon
Izelvroioù
Jamaika
Japan
Jordania
Jorjia
Kab Glas
Kambodja
Kameroun
Kanada
Karakalpakstan
Katar
Kazakstan
Kebek
Kenya
Kiprenez
Kirgizstan
Kirgizistan
Kiribati
Kolombia
Komorez
Korea
Kosovo
Koweit
Kroatia
Kuba
Laos
Latvia
Lesotho
Liban
Liberia
Libia
Liechtenstein
Lituania
Luksembourg
Madagaskar
Makedonia
Malawi
Malaysia
Maldivez
Mali
Malta
Maouritania
Maroko
Mec'hiko
Mikronezia
Moldova
Monako	Monaco
Mongolia
Montenegro
Moris
Mozambik
Nagorno-Karabac'h
Namibia
Nauru
Nepal
Nicaragua
Niger
Nigeria
Norvegia
Norzhiwerzhon
Oman
Osetia ar Su
Ouganda
Ouzbekistan
Pakistan
Palau
Palestina
Palestin
Panama	Panamá
Papoua-Ginea Nevez	Papua Ginea Nevez
Paraguay
Perou
Polonia
Portugal
Puerto Rico
Republik Dominikan
Republik Kongo	Republik demokratel Kongo
Republik Kreizafrika
Republik Tchek
Rouantelezh Unanet
Roumania
Rusia
Rwanda
Sahara
Salvador
Samoa
San Marino
Santez-Lusia
São Tomé ha Príncipe
Sechelez
Senegal
Serbia
Sierra Leone
Sina
Singapour
Siria
Slovakia
Slovenia
Somalia
Soudan
Soudan ar Su
Spagn
Sri Lanka
Stadoù-Unanet Amerika
Suafrika
Suis
Surinam
Sveden
Tadjikistan
Tamil Eelam
Tanzania
Tatarstan
Tchad
Thailand
Tibet
Timor ar Reter
Togo
Tonga
Treuzkaokazia
Trinidad ha Tobago
Tunizia
Turkestan
Turkia
Turkmenistan
Tuva
Tuvalu
Ukraina
Uruguay
Vanuatu
Vatikan
Venezuela
Viêt Nam
Yemen
Zambia
Zeland-Nevez
Zimbabwe
